"","eventDate","decimalLongitude","decimalLatitude","eventID"
"1",1,181.62,-20.42,"event-1-1"
"2",2,181.03,-20.62,"event-2-2"
"3",3,184.1,-26,"event-3-3"
"4",4,181.66,-17.97,"event-4-4"
"5",5,181.96,-20.42,"event-5-5"
"6",1,184.31,-19.68,"event-1-6"
"7",2,166.1,-11.7,"event-2-7"
"8",3,181.93,-28.11,"event-3-8"
"9",4,181.74,-28.74,"event-4-9"
"10",5,179.59,-17.47,"event-5-10"
"11",1,180.69,-21.44,"event-1-11"
"12",2,167,-12.26,"event-2-12"
"13",3,182.11,-18.54,"event-3-13"
"14",4,181.66,-21,"event-4-14"
"15",5,169.92,-20.7,"event-5-15"
"16",1,184.95,-15.94,"event-1-16"
"17",2,165.96,-13.64,"event-2-17"
"18",3,181.5,-17.83,"event-3-18"
"19",4,179.78,-23.5,"event-4-19"
"20",5,180.31,-22.63,"event-5-20"
"21",1,181.16,-20.84,"event-1-21"
"22",2,166.32,-10.98,"event-2-22"
"23",3,180.16,-23.3,"event-3-23"
"24",4,182,-30.2,"event-4-24"
"25",5,180.28,-19.66,"event-5-25"
"26",1,181.49,-17.94,"event-1-26"
"27",2,167.51,-14.72,"event-2-27"
"28",3,180.79,-16.46,"event-3-28"
"29",4,181.47,-20.97,"event-4-29"
"30",5,182.37,-19.84,"event-5-30"
"31",1,179.24,-22.58,"event-1-31"
"32",2,166.74,-16.32,"event-2-32"
"33",3,185.05,-15.55,"event-3-33"
"34",4,180.8,-23.55,"event-4-34"
"35",5,186,-16.3,"event-5-35"
"36",1,179.33,-25.82,"event-1-36"
"37",2,169.23,-18.73,"event-2-37"
"38",3,181.28,-17.64,"event-3-38"
"39",4,181.4,-17.66,"event-4-39"
"40",5,169.33,-18.82,"event-5-40"
"41",1,176.78,-37.37,"event-1-41"
"42",2,186.1,-15.31,"event-2-42"
"43",3,179.82,-24.97,"event-3-43"
"44",4,186.04,-15.49,"event-4-44"
"45",5,169.41,-19.23,"event-5-45"
"46",1,182.3,-30.1,"event-1-46"
"47",2,181.7,-26.4,"event-2-47"
"48",3,166.32,-11.77,"event-3-48"
"49",4,180.08,-24.12,"event-4-49"
"50",5,185.25,-18.97,"event-5-50"
"51",1,182.35,-18.75,"event-1-51"
"52",2,184.42,-19.26,"event-2-52"
"53",3,173.2,-22.75,"event-3-53"
"54",4,180.67,-21.37,"event-4-54"
"55",5,182.16,-20.1,"event-5-55"
"56",1,182.13,-19.85,"event-1-56"
"57",2,181,-22.7,"event-2-57"
"58",3,180.6,-22.06,"event-3-58"
"59",4,181.35,-17.8,"event-4-59"
"60",5,179.2,-24.2,"event-5-60"
"61",1,181.55,-20.69,"event-1-61"
"62",2,182.4,-21.16,"event-2-62"
"63",3,172.38,-13.82,"event-3-63"
"64",4,166.22,-11.49,"event-4-64"
"65",5,181.41,-20.68,"event-5-65"
"66",1,184.93,-17.1,"event-1-66"
"67",2,181.6,-20.14,"event-2-67"
"68",3,179.62,-21.96,"event-3-68"
"69",4,181.86,-20.42,"event-4-69"
"70",5,187.81,-15.46,"event-5-70"
"71",1,185.8,-15.31,"event-1-71"
"72",2,184.35,-19.86,"event-2-72"
"73",3,166.2,-11.55,"event-3-73"
"74",4,179.99,-23.74,"event-4-74"
"75",5,181.23,-17.7,"event-5-75"
"76",1,180.04,-23.54,"event-1-76"
"77",2,184.7,-19.21,"event-2-77"
"78",3,167.06,-12.11,"event-3-78"
"79",4,181.71,-21.81,"event-4-79"
"80",5,181.11,-28.98,"event-5-80"
"81",1,180.21,-34.02,"event-1-81"
"82",2,180.99,-23.84,"event-2-82"
"83",3,182.38,-19.57,"event-3-83"
"84",4,183.4,-20.12,"event-4-84"
"85",5,181.7,-17.7,"event-5-85"
"86",1,184.31,-19.66,"event-1-86"
"87",2,170.5,-21.5,"event-2-87"
"88",3,179.96,-23.64,"event-3-88"
"89",4,186.3,-15.43,"event-4-89"
"90",5,186.44,-15.41,"event-5-90"
"91",1,167.53,-15.48,"event-1-91"
"92",2,167.06,-13.36,"event-2-92"
"93",3,182.02,-20.64,"event-3-93"
"94",4,169.71,-19.72,"event-4-94"
"95",5,185.26,-15.44,"event-5-95"
"96",1,182.4,-19.73,"event-1-96"
"97",2,181.11,-27.24,"event-2-97"
"98",3,183.41,-18.16,"event-3-98"
"99",4,166.54,-13.66,"event-4-99"
"100",5,179.92,-24.57,"event-5-100"
"101",1,185.61,-16.98,"event-1-101"
"102",2,178.41,-26.2,"event-2-102"
"103",3,180.39,-21.88,"event-3-103"
"104",4,181.6,-33,"event-4-104"
"105",5,180.69,-21.33,"event-5-105"
"106",1,183.5,-19.44,"event-1-106"
"107",2,180.6,-34.89,"event-2-107"
"108",3,169.49,-20.24,"event-3-108"
"109",4,185.9,-22.55,"event-4-109"
"110",5,177.81,-36.95,"event-5-110"
"111",1,185.23,-15.75,"event-1-111"
"112",2,182.31,-16.85,"event-2-112"
"113",3,182.45,-19.06,"event-3-113"
"114",4,178.3,-26.11,"event-4-114"
"115",5,178.35,-26.2,"event-5-115"
"116",1,178.31,-26.13,"event-1-116"
"117",2,172.23,-13.66,"event-2-117"
"118",3,172.29,-13.47,"event-3-118"
"119",4,167.4,-14.6,"event-4-119"
"120",5,169.48,-18.96,"event-5-120"
"121",1,166.97,-14.65,"event-1-121"
"122",2,178.9,-19.9,"event-2-122"
"123",3,180.4,-22.05,"event-3-123"
"124",4,182.43,-19.22,"event-4-124"
"125",5,180.6,-31.24,"event-5-125"
"126",1,167.89,-17.93,"event-1-126"
"127",2,183.84,-19.3,"event-2-127"
"128",3,178.57,-26.53,"event-3-128"
"129",4,181.7,-27.72,"event-4-129"
"130",5,183.51,-19.19,"event-5-130"
"131",1,185.43,-17.43,"event-1-131"
"132",2,181.22,-17.05,"event-2-132"
"133",3,168.98,-19.52,"event-3-133"
"134",4,180.3,-23.71,"event-4-134"
"135",5,180.82,-21.3,"event-5-135"
"136",1,168.02,-16.24,"event-1-136"
"137",2,187.32,-16.14,"event-2-137"
"138",3,182.8,-23.95,"event-3-138"
"139",4,182.6,-25.2,"event-4-139"
"140",5,184.16,-18.84,"event-5-140"
"141",1,169.46,-12.66,"event-1-141"
"142",2,181.4,-20.65,"event-2-142"
"143",3,167.1,-13.23,"event-3-143"
"144",4,181.43,-29.91,"event-4-144"
"145",5,173.5,-14.31,"event-5-145"
"146",1,184.4,-20.1,"event-1-146"
"147",2,185.17,-17.8,"event-2-147"
"148",3,173.49,-21.27,"event-3-148"
"149",4,180.17,-23.58,"event-4-149"
"150",5,181.5,-17.9,"event-5-150"
"151",1,184.5,-23.34,"event-1-151"
"152",2,167.62,-15.56,"event-2-152"
"153",3,182.56,-23.83,"event-3-153"
"154",4,165.8,-11.8,"event-4-154"
"155",5,167.68,-15.54,"event-5-155"
"156",1,181.32,-20.65,"event-1-156"
"157",2,166.07,-11.75,"event-2-157"
"158",3,180,-24.81,"event-3-158"
"159",4,169.84,-20.9,"event-4-159"
"160",5,166.24,-11.34,"event-5-160"
"161",1,180.5,-17.98,"event-1-161"
"162",2,179.52,-24.34,"event-2-162"
"163",3,167.16,-13.86,"event-3-163"
"164",4,180.2,-35.56,"event-4-164"
"165",5,179.9,-35.48,"event-5-165"
"166",1,179.43,-34.2,"event-1-166"
"167",2,182.12,-26,"event-2-167"
"168",3,183.84,-19.89,"event-3-168"
"169",4,180,-23.43,"event-4-169"
"170",5,169.42,-18.89,"event-5-170"
"171",1,181.83,-17.82,"event-1-171"
"172",2,180.34,-25.68,"event-2-172"
"173",3,180.9,-20.2,"event-3-173"
"174",4,184.68,-15.2,"event-4-174"
"175",5,182.29,-15.03,"event-5-175"
"176",1,180.2,-32.22,"event-1-176"
"177",2,180.64,-22.64,"event-2-177"
"178",3,185.16,-17.42,"event-3-178"
"179",4,181.48,-17.84,"event-4-179"
"180",5,184.24,-15.02,"event-5-180"
"181",1,181.75,-18.04,"event-1-181"
"182",2,183.5,-24.6,"event-2-182"
"183",3,184.3,-19.88,"event-3-183"
"184",4,183,-20.3,"event-4-184"
"185",5,181.85,-20.45,"event-5-185"
"186",1,187.09,-17.67,"event-1-186"
"187",2,181.9,-22.3,"event-2-187"
"188",3,181.85,-19.85,"event-3-188"
"189",4,179.88,-24.27,"event-4-189"
"190",5,185.13,-15.85,"event-5-190"
"191",1,184.09,-20.02,"event-1-191"
"192",2,169.31,-18.56,"event-2-192"
"193",3,182,-17.87,"event-3-193"
"194",4,179.5,-24.08,"event-4-194"
"195",5,179.61,-32.2,"event-5-195"
"196",1,181.19,-20.36,"event-1-196"
"197",2,182.53,-23.85,"event-2-197"
"198",3,182.75,-24,"event-3-198"
"199",4,181.74,-20.41,"event-4-199"
"200",5,180.3,-17.72,"event-5-200"
"201",1,182.18,-19.67,"event-1-201"
"202",2,182.2,-17.7,"event-2-202"
"203",3,183.59,-16.23,"event-3-203"
"204",4,183.35,-26.72,"event-4-204"
"205",5,169.09,-12.95,"event-5-205"
"206",1,182.32,-21.97,"event-1-206"
"207",2,180.54,-21.96,"event-2-207"
"208",3,181.69,-20.32,"event-3-208"
"209",4,180.62,-30.28,"event-4-209"
"210",5,182.3,-20.2,"event-5-210"
"211",1,180.13,-30.66,"event-1-211"
"212",2,184.1,-16.17,"event-2-212"
"213",3,181.71,-28.25,"event-3-213"
"214",4,185.68,-20.47,"event-4-214"
"215",5,180.27,-23.55,"event-5-215"
"216",1,181.58,-20.94,"event-1-216"
"217",2,182.4,-26.67,"event-2-217"
"218",3,181.52,-18.13,"event-3-218"
"219",4,183.83,-20.21,"event-4-219"
"220",5,182.39,-18.31,"event-5-220"
"221",1,185.7,-16.52,"event-1-221"
"222",2,171.65,-22.36,"event-2-222"
"223",3,184.48,-22.43,"event-3-223"
"224",4,182.1,-20.37,"event-4-224"
"225",5,180.16,-23.77,"event-5-225"
"226",1,166.66,-13.65,"event-1-226"
"227",2,182.9,-21.55,"event-2-227"
"228",3,185.75,-16.24,"event-3-228"
"229",4,182.53,-23.73,"event-4-229"
"230",5,171.52,-22.34,"event-5-230"
"231",1,180.94,-19.4,"event-1-231"
"232",2,180.81,-24.64,"event-2-232"
"233",3,182.82,-16,"event-3-233"
"234",4,185.35,-19.62,"event-4-234"
"235",5,180.13,-23.84,"event-5-235"
"236",1,179.93,-23.54,"event-1-236"
"237",2,182.68,-28.23,"event-2-237"
"238",3,180.63,-21.68,"event-3-238"
"239",4,166.53,-13.44,"event-4-239"
"240",5,180.22,-24.96,"event-5-240"
"241",1,182.74,-20.08,"event-1-241"
"242",2,182.84,-24.36,"event-2-242"
"243",3,166,-14.7,"event-3-243"
"244",4,183.68,-18.2,"event-4-244"
"245",5,185.51,-16.65,"event-5-245"
"246",1,181.67,-18.11,"event-1-246"
"247",2,181.65,-17.95,"event-2-247"
"248",3,186.9,-15.5,"event-3-248"
"249",4,180.01,-23.36,"event-4-249"
"250",5,169.5,-19.15,"event-5-250"
"251",1,166.26,-10.97,"event-1-251"
"252",2,167.24,-14.85,"event-2-252"
"253",3,181.38,-17.8,"event-3-253"
"254",4,170.4,-22.5,"event-4-254"
"255",5,182.1,-29.1,"event-5-255"
"256",1,180.88,-20.32,"event-1-256"
"257",2,184.89,-16.09,"event-2-257"
"258",3,169.33,-19.18,"event-3-258"
"259",4,179.36,-23.81,"event-4-259"
"260",5,179.89,-23.79,"event-5-260"
"261",1,184.23,-19.02,"event-1-261"
"262",2,181.51,-20.9,"event-2-262"
"263",3,169.01,-19.06,"event-3-263"
"264",4,181.47,-17.88,"event-4-264"
"265",5,183.05,-19.41,"event-5-265"
"266",1,184.2,-26.17,"event-1-266"
"267",2,167.24,-14.95,"event-2-267"
"268",3,168.8,-18.73,"event-3-268"
"269",4,182.37,-20.21,"event-4-269"
"270",5,180.85,-21.29,"event-5-270"
"271",1,181.41,-19.76,"event-1-271"
"272",2,180.38,-22.09,"event-2-272"
"273",3,179.9,-23.8,"event-3-273"
"274",4,181.99,-20.16,"event-4-274"
"275",5,180.38,-22.13,"event-5-275"
"276",1,181.4,-17.44,"event-1-276"
"277",2,180.18,-23.33,"event-2-277"
"278",3,179.22,-24.78,"event-3-278"
"279",4,180.52,-22,"event-4-279"
"280",5,182.51,-19.13,"event-5-280"
"281",1,180.1,-30.72,"event-1-281"
"282",2,180.54,-22.32,"event-2-282"
"283",3,177.77,-16.45,"event-3-283"
"284",4,185,-17.7,"event-4-284"
"285",5,184.68,-17.95,"event-5-285"
"286",1,179.85,-24.4,"event-1-286"
"287",2,180.6,-19.3,"event-2-287"
"288",3,185.32,-21.13,"event-3-288"
"289",4,181.57,-18.07,"event-4-289"
"290",5,182.28,-20.6,"event-5-290"
"291",1,181.49,-18.48,"event-1-291"
"292",2,166.2,-13.34,"event-2-292"
"293",3,181.5,-20.92,"event-3-293"
"294",4,179.69,-25.31,"event-4-294"
"295",5,186.21,-15.24,"event-5-295"
"296",1,185.86,-16.4,"event-1-296"
"297",2,178.4,-24.57,"event-2-297"
"298",3,181.51,-17.94,"event-3-298"
"299",4,181.2,-30.64,"event-4-299"
"300",5,169.32,-18.64,"event-5-300"
"301",1,169.28,-13.09,"event-1-301"
"302",2,184.14,-19.68,"event-2-302"
"303",3,185.74,-16.44,"event-3-303"
"304",4,181.38,-21.09,"event-4-304"
"305",5,171.39,-14.99,"event-5-305"
"306",1,179.7,-23.3,"event-1-306"
"307",2,181.36,-17.68,"event-2-307"
"308",3,180.53,-22,"event-3-308"
"309",4,181.39,-21.38,"event-4-309"
"310",5,181.5,-32.62,"event-5-310"
"311",1,169.58,-13.05,"event-1-311"
"312",2,169.63,-12.93,"event-2-312"
"313",3,181.91,-18.6,"event-3-313"
"314",4,181.41,-21.34,"event-4-314"
"315",5,183.78,-21.48,"event-5-315"
"316",1,181.02,-17.4,"event-1-316"
"317",2,181.03,-17.32,"event-2-317"
"318",3,169.24,-18.77,"event-3-318"
"319",4,179.5,-26.16,"event-4-319"
"320",5,167.1,-12.59,"event-5-320"
"321",1,167.32,-14.82,"event-1-321"
"322",2,183.48,-21.79,"event-2-322"
"323",3,182.04,-19.83,"event-3-323"
"324",4,182.31,-29.5,"event-4-324"
"325",5,166.36,-12.49,"event-5-325"
"326",1,182.3,-26.1,"event-1-326"
"327",2,181.2,-21.04,"event-2-327"
"328",3,165.77,-10.78,"event-3-328"
"329",4,185.77,-20.76,"event-4-329"
"330",5,166.24,-11.41,"event-5-330"
"331",1,183.87,-19.1,"event-1-331"
"332",2,180,-23.91,"event-2-332"
"333",3,182.6,-27.33,"event-3-333"
"334",4,166.6,-12.25,"event-4-334"
"335",5,179.07,-23.49,"event-5-335"
"336",1,182.18,-27.18,"event-1-336"
"337",2,182.1,-25.8,"event-2-337"
"338",3,182.18,-27.19,"event-3-338"
"339",4,182.38,-27.27,"event-4-339"
"340",5,182.18,-27.1,"event-5-340"
"341",1,182.28,-27.22,"event-1-341"
"342",2,181.7,-27.38,"event-2-342"
"343",3,182.5,-27.27,"event-3-343"
"344",4,182.5,-27.54,"event-4-344"
"345",5,182.39,-27.2,"event-5-345"
"346",1,182.47,-27.71,"event-1-346"
"347",2,182.4,-27.6,"event-2-347"
"348",3,182.39,-27.38,"event-3-348"
"349",4,185.48,-21.54,"event-4-349"
"350",5,182.43,-27.21,"event-5-350"
"351",1,182.61,-28.96,"event-1-351"
"352",2,166.29,-12.01,"event-2-352"
"353",3,181.32,-17.46,"event-3-353"
"354",4,182.02,-30.17,"event-4-354"
"355",5,182.36,-27.27,"event-5-355"
"356",1,181.32,-17.79,"event-1-356"
"357",2,171.4,-22.19,"event-2-357"
"358",3,182.68,-17.1,"event-3-358"
"359",4,182.53,-27.18,"event-4-359"
"360",5,166.47,-11.64,"event-5-360"
"361",1,181.58,-17.98,"event-1-361"
"362",2,185.72,-16.9,"event-2-362"
"363",3,179.6,-21.98,"event-3-363"
"364",4,179.9,-32.14,"event-4-364"
"365",5,169.21,-18.8,"event-5-365"
"366",1,183.61,-26.78,"event-1-366"
"367",2,182.37,-20.43,"event-2-367"
"368",3,183.2,-18.3,"event-3-368"
"369",4,182.51,-15.83,"event-4-369"
"370",5,182.93,-23.44,"event-5-370"
"371",1,179.99,-23.73,"event-1-371"
"372",2,184.08,-19.89,"event-2-372"
"373",3,181.09,-17.59,"event-3-373"
"374",4,181.4,-19.77,"event-4-374"
"375",5,184.06,-20.31,"event-5-375"
"376",1,186.75,-15.33,"event-1-376"
"377",2,181.6,-18.2,"event-2-377"
"378",3,186.66,-15.36,"event-3-378"
"379",4,186.42,-15.29,"event-4-379"
"380",5,186.71,-15.36,"event-5-380"
"381",1,167.95,-16.24,"event-1-381"
"382",2,167.14,-13.47,"event-2-382"
"383",3,182.82,-25.5,"event-3-383"
"384",4,167.33,-14.32,"event-4-384"
"385",5,182.01,-20.04,"event-5-385"
"386",1,181.66,-28.83,"event-1-386"
"387",2,181.49,-17.82,"event-2-387"
"388",3,180.98,-27.23,"event-3-388"
"389",4,165.99,-10.72,"event-4-389"
"390",5,183.88,-27,"event-5-390"
"391",1,186.16,-20.36,"event-1-391"
"392",2,183.68,-27.17,"event-2-392"
"393",3,181.26,-20.94,"event-3-393"
"394",4,181.9,-17.46,"event-4-394"
"395",5,181.2,-21.04,"event-5-395"
"396",1,179.6,-23.7,"event-1-396"
"397",2,181.42,-17.72,"event-2-397"
"398",3,188.13,-15.87,"event-3-398"
"399",4,181.3,-17.84,"event-4-399"
"400",5,170.3,-13.45,"event-5-400"
"401",1,182.16,-30.8,"event-1-401"
"402",2,166.14,-11.63,"event-2-402"
"403",3,181.4,-30.4,"event-3-403"
"404",4,178.59,-26.18,"event-4-404"
"405",5,184.5,-15.7,"event-5-405"
"406",1,181.5,-17.95,"event-1-406"
"407",2,182.3,-20.51,"event-2-407"
"408",3,167.51,-15.36,"event-3-408"
"409",4,180.23,-23.61,"event-4-409"
"410",5,181.6,-33.2,"event-5-410"
"411",1,186.8,-17.68,"event-1-411"
"412",2,184.56,-22.24,"event-2-412"
"413",3,169.14,-20.07,"event-3-413"
"414",4,180.1,-25.04,"event-4-414"
"415",5,185.2,-21.5,"event-5-415"
"416",1,167.26,-14.28,"event-1-416"
"417",2,167.26,-14.43,"event-2-417"
"418",3,181.7,-32.7,"event-3-418"
"419",4,181.8,-34.1,"event-4-419"
"420",5,186.2,-19.7,"event-5-420"
"421",1,180.38,-24.19,"event-1-421"
"422",2,182.77,-26.6,"event-2-422"
"423",3,186.8,-17.04,"event-3-423"
"424",4,179.71,-22.1,"event-4-424"
"425",5,180.9,-32.6,"event-5-425"
"426",1,182.4,-33,"event-1-426"
"427",2,181.24,-20.58,"event-2-427"
"428",3,182.6,-20.61,"event-3-428"
"429",4,169.15,-19.47,"event-4-429"
"430",5,180.96,-17.47,"event-5-430"
"431",1,183.4,-18.4,"event-1-431"
"432",2,180.26,-23.33,"event-2-432"
"433",3,182.23,-18.55,"event-3-433"
"434",4,178.47,-26.16,"event-4-434"
"435",5,183.2,-21.8,"event-5-435"
"436",1,182.93,-27.63,"event-1-436"
"437",2,169.48,-18.89,"event-2-437"
"438",3,182.3,-20.3,"event-3-438"
"439",4,182.04,-20.56,"event-4-439"
"440",5,185.32,-16.1,"event-5-440"
"441",1,166.37,-12.66,"event-1-441"
"442",2,184.68,-21.05,"event-2-442"
"443",3,168.52,-17.97,"event-3-443"
"444",4,182.54,-19.83,"event-4-444"
"445",5,183.81,-22.55,"event-5-445"
"446",1,183.52,-22.28,"event-1-446"
"447",2,185.64,-15.72,"event-2-447"
"448",3,181.59,-20.85,"event-3-448"
"449",4,181.5,-21.11,"event-4-449"
"450",5,180.15,-25.31,"event-5-450"
"451",1,182.5,-26.46,"event-1-451"
"452",2,179.68,-24.09,"event-2-452"
"453",3,167.7,-16.96,"event-3-453"
"454",4,182.8,-23.19,"event-4-454"
"455",5,184.7,-20.81,"event-5-455"
"456",1,167.32,-15.03,"event-1-456"
"457",2,181.59,-18.06,"event-2-457"
"458",3,185.6,-19,"event-3-458"
"459",4,179.99,-23.53,"event-4-459"
"460",5,180.63,-18.18,"event-5-460"
"461",1,186.8,-15.66,"event-1-461"
"462",2,180.62,-18,"event-2-462"
"463",3,180.7,-18.08,"event-3-463"
"464",4,180.86,-18.05,"event-4-464"
"465",5,181.16,-29.9,"event-5-465"
"466",1,181.9,-20.9,"event-1-466"
"467",2,167.5,-15.61,"event-2-467"
"468",3,185.43,-16.03,"event-3-468"
"469",4,181.11,-17.68,"event-4-469"
"470",5,180.57,-31.94,"event-5-470"
"471",1,184.36,-19.14,"event-1-471"
"472",2,185.48,-18,"event-2-472"
"473",3,185.94,-16.95,"event-3-473"
"474",4,166.06,-10.79,"event-4-474"
"475",5,185.9,-20.83,"event-5-475"
"476",1,181.6,-32.9,"event-1-476"
"477",2,177.47,-37.93,"event-2-477"
"478",3,183.2,-29.09,"event-3-478"
"479",4,180.23,-23.56,"event-4-479"
"480",5,185.2,-19.6,"event-5-480"
"481",1,180.68,-21.39,"event-1-481"
"482",2,184.87,-14.85,"event-2-482"
"483",3,183.3,-22.7,"event-3-483"
"484",4,181.21,-32.42,"event-4-484"
"485",5,181.3,-17.9,"event-5-485"
"486",1,183.4,-23.58,"event-1-486"
"487",2,180.5,-34.4,"event-2-487"
"488",3,181.2,-17.61,"event-3-488"
"489",4,181.13,-21.07,"event-4-489"
"490",5,170.62,-13.84,"event-5-490"
"491",1,181.63,-30.24,"event-1-491"
"492",2,169.04,-18.49,"event-2-492"
"493",3,180.23,-23.45,"event-3-493"
"494",4,183.54,-16.04,"event-4-494"
"495",5,185.31,-17.14,"event-5-495"
"496",1,172.91,-22.54,"event-1-496"
"497",2,185.3,-15.9,"event-2-497"
"498",3,181.2,-30.04,"event-3-498"
"499",4,180.22,-24.03,"event-4-499"
"500",5,184.46,-18.89,"event-5-500"
"501",1,187.1,-16.51,"event-1-501"
"502",2,186.3,-20.1,"event-2-502"
"503",3,183.81,-21.06,"event-3-503"
"504",4,166.87,-13.07,"event-4-504"
"505",5,180.09,-23.46,"event-5-505"
"506",1,182.3,-19.41,"event-1-506"
"507",2,165.98,-11.81,"event-2-507"
"508",3,165.96,-11.76,"event-3-508"
"509",4,165.76,-12.08,"event-4-509"
"510",5,180.02,-25.59,"event-5-510"
"511",1,183.63,-26.54,"event-1-511"
"512",2,184.28,-20.9,"event-2-512"
"513",3,187,-16.99,"event-3-513"
"514",4,180.17,-23.46,"event-4-514"
"515",5,181.82,-17.81,"event-5-515"
"516",1,187.2,-15.17,"event-1-516"
"517",2,166.02,-11.67,"event-2-517"
"518",3,184.52,-20.75,"event-3-518"
"519",4,186.9,-19.5,"event-4-519"
"520",5,179.79,-26.18,"event-5-520"
"521",1,185.77,-20.66,"event-1-521"
"522",2,182.54,-19.22,"event-2-522"
"523",3,183.33,-24.68,"event-3-523"
"524",4,167.38,-15.43,"event-4-524"
"525",5,181.15,-32.45,"event-5-525"
"526",1,180.84,-21.31,"event-1-526"
"527",2,167.18,-15.44,"event-2-527"
"528",3,167.01,-13.26,"event-3-528"
"529",4,183.13,-15.26,"event-4-529"
"530",5,180.8,-33.57,"event-5-530"
"531",1,167.01,-15.77,"event-1-531"
"532",2,166.83,-15.79,"event-2-532"
"533",3,183.2,-21,"event-3-533"
"534",4,166.94,-16.28,"event-4-534"
"535",5,184.6,-23.28,"event-5-535"
"536",1,167.25,-16.1,"event-1-536"
"537",2,181.31,-17.7,"event-2-537"
"538",3,166.69,-15.96,"event-3-538"
"539",4,167.34,-15.95,"event-4-539"
"540",5,181.59,-17.56,"event-5-540"
"541",1,167.42,-15.9,"event-1-541"
"542",2,166.9,-15.29,"event-2-542"
"543",3,166.85,-15.86,"event-3-543"
"544",4,166.8,-16.2,"event-4-544"
"545",5,166.91,-15.71,"event-5-545"
"546",1,167.54,-16.45,"event-1-546"
"547",2,166.18,-11.54,"event-2-547"
"548",3,181.91,-19.61,"event-3-548"
"549",4,187.15,-15.61,"event-4-549"
"550",5,181.41,-21.16,"event-5-550"
"551",1,182.22,-20.65,"event-1-551"
"552",2,168.71,-20.33,"event-2-552"
"553",3,166.62,-15.08,"event-3-553"
"554",4,184.61,-23.28,"event-4-554"
"555",5,184.6,-23.44,"event-5-555"
"556",1,184.42,-23.12,"event-1-556"
"557",2,184.46,-23.65,"event-2-557"
"558",3,183.95,-22.91,"event-3-558"
"559",4,180.47,-22.06,"event-4-559"
"560",5,166.49,-13.56,"event-5-560"
"561",1,181.57,-17.99,"event-1-561"
"562",2,184.47,-23.92,"event-2-562"
"563",3,182.1,-30.69,"event-3-563"
"564",4,182.8,-21.92,"event-4-564"
"565",5,180.97,-25.04,"event-5-565"
"566",1,183.91,-19.92,"event-1-566"
"567",2,182.26,-27.75,"event-2-567"
"568",3,181.18,-17.71,"event-3-568"
"569",4,183.84,-19.6,"event-4-569"
"570",5,179.82,-34.68,"event-5-570"
"571",1,167.26,-14.46,"event-1-571"
"572",2,187.55,-18.85,"event-2-572"
"573",3,182.41,-17.02,"event-3-573"
"574",4,186.51,-20.41,"event-4-574"
"575",5,182.04,-18.18,"event-5-575"
"576",1,187.8,-16.49,"event-1-576"
"577",2,181.31,-17.74,"event-2-577"
"578",3,181.69,-20.49,"event-3-578"
"579",4,182.64,-18.51,"event-4-579"
"580",5,183.4,-27.28,"event-5-580"
"581",1,167.16,-15.9,"event-1-581"
"582",2,181.33,-20.57,"event-2-582"
"583",3,166.36,-11.25,"event-3-583"
"584",4,181.87,-20.04,"event-4-584"
"585",5,181.25,-20.89,"event-5-585"
"586",1,186.74,-16.62,"event-1-586"
"587",2,168.75,-20.09,"event-2-587"
"588",3,179.87,-24.96,"event-3-588"
"589",4,181.42,-20.95,"event-4-589"
"590",5,179.27,-23.31,"event-5-590"
"591",1,181.06,-20.95,"event-1-591"
"592",2,181.9,-21.58,"event-2-592"
"593",3,167.15,-13.62,"event-3-593"
"594",4,166.28,-12.72,"event-4-594"
"595",5,185,-21.79,"event-5-595"
"596",1,169.76,-20.48,"event-1-596"
"597",2,166.78,-12.84,"event-2-597"
"598",3,182.93,-17.02,"event-3-598"
"599",4,182.39,-23.89,"event-4-599"
"600",5,184.03,-23.07,"event-5-600"
"601",1,181.96,-27.98,"event-1-601"
"602",2,182.25,-28.1,"event-2-602"
"603",3,180.81,-21.24,"event-3-603"
"604",4,180.86,-21.24,"event-4-604"
"605",5,174.46,-19.89,"event-5-605"
"606",1,179.8,-32.82,"event-1-606"
"607",2,185.5,-22,"event-2-607"
"608",3,185.62,-21.57,"event-3-608"
"609",4,180.92,-24.5,"event-4-609"
"610",5,180.2,-33.03,"event-5-610"
"611",1,182.4,-30.09,"event-1-611"
"612",2,170.99,-22.75,"event-2-612"
"613",3,168.98,-17.99,"event-3-613"
"614",4,181.87,-19.6,"event-4-614"
"615",5,186.26,-15.65,"event-5-615"
"616",1,181.53,-17.78,"event-1-616"
"617",2,184.91,-22.04,"event-2-617"
"618",3,168.69,-20.06,"event-3-618"
"619",4,181.54,-18.07,"event-4-619"
"620",5,165.67,-12.85,"event-5-620"
"621",1,181.3,-33.29,"event-1-621"
"622",2,179.1,-34.63,"event-2-622"
"623",3,179.02,-24.18,"event-3-623"
"624",4,180.31,-23.78,"event-4-624"
"625",5,171.5,-22.37,"event-5-625"
"626",1,179.91,-23.97,"event-1-626"
"627",2,181.75,-34.12,"event-2-627"
"628",3,179.86,-25.25,"event-3-628"
"629",4,172.65,-22.87,"event-4-629"
"630",5,182.37,-18.48,"event-5-630"
"631",1,181.02,-21.46,"event-1-631"
"632",2,183.47,-28.56,"event-2-632"
"633",3,183.59,-28.56,"event-3-633"
"634",4,180.92,-21.3,"event-4-634"
"635",5,183.22,-20.08,"event-5-635"
"636",1,182.21,-18.82,"event-1-636"
"637",2,183.97,-19.51,"event-2-637"
"638",3,167.39,-12.05,"event-3-638"
"639",4,186.54,-17.4,"event-4-639"
"640",5,180.18,-23.93,"event-5-640"
"641",1,181.09,-21.23,"event-1-641"
"642",2,167.91,-16.23,"event-2-642"
"643",3,183.4,-28.15,"event-3-643"
"644",4,185.01,-20.81,"event-4-644"
"645",5,181.41,-20.72,"event-5-645"
"646",1,184,-23.29,"event-1-646"
"647",2,176.03,-38.46,"event-2-647"
"648",3,186.73,-15.48,"event-3-648"
"649",4,177.52,-37.03,"event-4-649"
"650",5,181.38,-20.48,"event-5-650"
"651",1,181.88,-18.12,"event-1-651"
"652",2,181.98,-18.17,"event-2-652"
"653",3,166.07,-11.4,"event-3-653"
"654",4,180.12,-23.1,"event-4-654"
"655",5,170.34,-14.28,"event-5-655"
"656",1,171.72,-22.87,"event-1-656"
"657",2,180.98,-17.59,"event-2-657"
"658",3,182.1,-27.6,"event-3-658"
"659",4,180.6,-17.94,"event-4-659"
"660",5,180.58,-17.88,"event-5-660"
"661",1,180.8,-30.01,"event-1-661"
"662",2,182.3,-19.19,"event-2-662"
"663",3,180.87,-18.14,"event-3-663"
"664",4,180.11,-23.46,"event-4-664"
"665",5,181.04,-18.44,"event-5-665"
"666",1,180.87,-18.21,"event-1-666"
"667",2,180.98,-18.26,"event-2-667"
"668",3,184.83,-15.85,"event-3-668"
"669",4,180.09,-23.82,"event-4-669"
"670",5,184.28,-18.6,"event-5-670"
"671",1,181.32,-17.8,"event-1-671"
"672",2,166.1,-10.78,"event-2-672"
"673",3,181.71,-18.12,"event-3-673"
"674",4,182.62,-19.34,"event-4-674"
"675",5,167.1,-15.34,"event-5-675"
"676",1,182.85,-24.97,"event-1-676"
"677",2,186.08,-15.97,"event-2-677"
"678",3,180.24,-23.47,"event-3-678"
"679",4,179.15,-23.11,"event-4-679"
"680",5,181.66,-20.54,"event-5-680"
"681",1,169.37,-18.92,"event-1-681"
"682",2,184.27,-20.16,"event-2-682"
"683",3,180.94,-25.48,"event-3-683"
"684",4,181.74,-18.19,"event-4-684"
"685",5,186.4,-15.35,"event-5-685"
"686",1,169.1,-18.69,"event-1-686"
"687",2,181.24,-18.89,"event-2-687"
"688",3,183.32,-17.61,"event-3-688"
"689",4,181.54,-20.93,"event-4-689"
"690",5,181.5,-17.6,"event-5-690"
"691",1,181.4,-17.96,"event-1-691"
"692",2,182.41,-18.8,"event-2-692"
"693",3,182.44,-20.61,"event-3-693"
"694",4,181.53,-20.74,"event-4-694"
"695",5,179.86,-25.23,"event-5-695"
"696",1,179.9,-23.9,"event-1-696"
"697",2,181.58,-18.07,"event-2-697"
"698",3,185.19,-15.43,"event-3-698"
"699",4,167.32,-14.3,"event-4-699"
"700",5,181.57,-18.04,"event-5-700"
"701",1,167.18,-13.9,"event-1-701"
"702",2,177.01,-17.64,"event-2-702"
"703",3,181.51,-17.98,"event-3-703"
"704",4,180,-25,"event-4-704"
"705",5,184.48,-19.45,"event-5-705"
"706",1,187.48,-16.11,"event-1-706"
"707",2,179.98,-23.73,"event-2-707"
"708",3,186.78,-17.74,"event-3-708"
"709",4,183.23,-21.56,"event-4-709"
"710",5,181.72,-20.97,"event-5-710"
"711",1,186.73,-15.45,"event-1-711"
"712",2,167.91,-15.93,"event-2-712"
"713",3,185.86,-21.47,"event-3-713"
"714",4,170.45,-21.44,"event-4-714"
"715",5,180.49,-22.16,"event-5-715"
"716",1,172.76,-13.36,"event-1-716"
"717",2,181.51,-21.22,"event-2-717"
"718",3,182.5,-26.1,"event-3-718"
"719",4,185.27,-18.35,"event-4-719"
"720",5,182.9,-17.2,"event-5-720"
"721",1,171.4,-22.42,"event-1-721"
"722",2,181.48,-17.91,"event-2-722"
"723",3,178.3,-26.53,"event-3-723"
"724",4,178.29,-26.5,"event-4-724"
"725",5,168.08,-16.31,"event-5-725"
"726",1,169.71,-18.76,"event-1-726"
"727",2,182.8,-17.1,"event-2-727"
"728",3,182.78,-19.28,"event-3-728"
"729",4,180,-23.5,"event-4-729"
"730",5,181.69,-21.26,"event-5-730"
"731",1,181.48,-17.97,"event-1-731"
"732",2,181.2,-26.02,"event-2-732"
"733",3,180.8,-30.3,"event-3-733"
"734",4,179.67,-24.89,"event-4-734"
"735",5,167.24,-14.57,"event-5-735"
"736",1,186.87,-15.4,"event-1-736"
"737",2,183.95,-22.06,"event-2-737"
"738",3,178.42,-25.14,"event-3-738"
"739",4,181.4,-20.3,"event-4-739"
"740",5,181.17,-25.28,"event-5-740"
"741",1,181.61,-20.63,"event-1-741"
"742",2,186.83,-19.02,"event-2-742"
"743",3,185.3,-22.1,"event-3-743"
"744",4,175.7,-38.59,"event-4-744"
"745",5,183,-19.3,"event-5-745"
"746",1,181.59,-31.03,"event-1-746"
"747",2,181.3,-30.51,"event-2-747"
"748",3,183.34,-22.55,"event-3-748"
"749",4,180.64,-22.14,"event-4-749"
"750",5,180.3,-25.6,"event-5-750"
"751",1,181.84,-18.04,"event-1-751"
"752",2,185.77,-21.29,"event-2-752"
"753",3,180.85,-21.08,"event-3-753"
"754",4,169.66,-20.64,"event-4-754"
"755",5,180.03,-24.41,"event-5-755"
"756",1,167.03,-12.16,"event-1-756"
"757",2,185.9,-17.1,"event-2-757"
"758",3,185.6,-21.13,"event-3-758"
"759",4,167.43,-12.34,"event-4-759"
"760",5,186.73,-16.43,"event-5-760"
"761",1,184.3,-20.7,"event-1-761"
"762",2,180.92,-21.18,"event-2-762"
"763",3,185.33,-17.78,"event-3-763"
"764",4,183.86,-21.57,"event-4-764"
"765",5,166.75,-13.7,"event-5-765"
"766",1,167.41,-12.27,"event-1-766"
"767",2,184.52,-19.1,"event-2-767"
"768",3,184.51,-19.85,"event-3-768"
"769",4,166.55,-11.37,"event-4-769"
"770",5,186.3,-20.7,"event-5-770"
"771",1,185.1,-20.24,"event-1-771"
"772",2,182.73,-16.4,"event-2-772"
"773",3,184.53,-19.6,"event-3-773"
"774",4,180.77,-21.63,"event-4-774"
"775",5,180.5,-21.6,"event-5-775"
"776",1,181,-21.77,"event-1-776"
"777",2,183.6,-21.8,"event-2-777"
"778",3,180.9,-21.05,"event-3-778"
"779",4,165.8,-10.8,"event-4-779"
"781",1,171.44,-22.26,"event-1-780"
"782",2,171.46,-22.33,"event-2-781"
"783",3,184.85,-24.04,"event-3-782"
"784",4,186.1,-20.4,"event-4-783"
"785",5,184.62,-15,"event-5-784"
"786",1,183.4,-27.87,"event-1-785"
"787",2,166.64,-14.12,"event-2-786"
"788",3,180.27,-23.61,"event-3-787"
"789",4,185.5,-21.56,"event-4-788"
"790",5,181.58,-21.19,"event-5-789"
"791",1,181.65,-18.07,"event-1-790"
"792",2,178.43,-26,"event-2-791"
"793",3,181.9,-20.21,"event-3-792"
"794",4,182,-28,"event-4-793"
"795",5,180.7,-20.74,"event-5-794"
"796",1,180.6,-31.8,"event-1-795"
"797",2,169.46,-18.91,"event-2-796"
"798",3,182.1,-20.45,"event-3-797"
"799",4,183.8,-22.9,"event-4-798"
"800",5,181.63,-18.11,"event-5-799"
"801",1,184.7,-23.8,"event-1-800"
"802",2,180.21,-23.42,"event-2-801"
"803",3,184.8,-23.2,"event-3-802"
"804",4,169.52,-12.93,"event-4-803"
"805",5,181.06,-21.14,"event-5-804"
"806",1,184.97,-19.13,"event-1-805"
"807",2,181.3,-21.08,"event-2-806"
"808",3,181.75,-20.07,"event-3-807"
"809",4,182.02,-20.9,"event-4-808"
"810",5,179.84,-25.04,"event-5-809"
"811",1,180.89,-21.85,"event-1-810"
"812",2,186.59,-19.34,"event-2-811"
"813",3,167.1,-15.83,"event-3-812"
"814",4,183,-23.73,"event-4-813"
"815",5,181.72,-18.1,"event-5-814"
"816",1,180.49,-22.12,"event-1-815"
"817",2,185.1,-15.39,"event-2-816"
"818",3,186.52,-16.21,"event-3-817"
"819",4,180.67,-21.75,"event-4-818"
"820",5,180.4,-22.1,"event-5-819"
"821",1,179.54,-24.97,"event-1-820"
"822",2,186.36,-19.36,"event-2-821"
"823",3,179.62,-22.14,"event-3-822"
"824",4,182.44,-21.48,"event-4-823"
"825",5,168.93,-18.54,"event-5-824"
"826",1,182.4,-21.62,"event-1-825"
"827",2,166.9,-13.4,"event-2-826"
"828",3,185.3,-15.5,"event-3-827"
"829",4,185.23,-15.67,"event-4-828"
"830",5,183.11,-21.78,"event-5-829"
"831",1,180.9,-30.63,"event-1-830"
"832",2,185.1,-15.7,"event-2-831"
"833",3,184.37,-19.2,"event-3-832"
"834",4,182.44,-19.7,"event-4-833"
"835",5,182.29,-19.4,"event-5-834"
"836",1,185.9,-15.85,"event-1-835"
"837",2,168.63,-17.38,"event-2-836"
"838",3,179.97,-24.33,"event-3-837"
"839",4,185.26,-20.89,"event-4-838"
"840",5,169.44,-18.97,"event-5-839"
"841",1,181.62,-17.99,"event-1-840"
"842",2,185.25,-15.8,"event-2-841"
"843",3,182.65,-25.42,"event-3-842"
"844",4,169.9,-21.6,"event-4-843"
"845",5,180.05,-26.06,"event-5-844"
"846",1,181.23,-17.56,"event-1-845"
"847",2,180.26,-25.63,"event-2-846"
"848",3,179.98,-25.46,"event-3-847"
"849",4,180.48,-22.23,"event-4-848"
"850",5,181.39,-21.55,"event-5-849"
"851",1,185.93,-15.18,"event-1-850"
"852",2,166.56,-13.79,"event-2-851"
"853",3,167.23,-15.18,"event-3-852"
"854",4,186.72,-18.78,"event-4-853"
"855",5,181.41,-17.9,"event-5-854"
"856",1,185.4,-18.5,"event-1-855"
"857",2,171.17,-14.82,"event-2-856"
"858",3,185.17,-15.65,"event-3-857"
"859",4,181.15,-30.01,"event-4-858"
"860",5,167.24,-13.16,"event-5-859"
"861",1,180.78,-21.03,"event-1-860"
"862",2,180.78,-21.4,"event-2-861"
"863",3,181.89,-17.93,"event-3-862"
"864",4,181.7,-20.87,"event-4-863"
"865",5,166.66,-12.01,"event-5-864"
"866",1,169.63,-19.1,"event-1-865"
"867",2,181.37,-22.85,"event-2-866"
"868",3,185.96,-17.08,"event-3-867"
"869",4,174.21,-21.14,"event-4-868"
"870",5,167.02,-12.23,"event-5-869"
"871",1,181.57,-20.91,"event-1-870"
"872",2,167.05,-11.38,"event-2-871"
"873",3,167.01,-11.02,"event-3-872"
"874",4,180.58,-22.09,"event-4-873"
"875",5,181.2,-17.8,"event-5-874"
"876",1,182.43,-18.94,"event-1-875"
"877",2,182.2,-18.85,"event-2-876"
"878",3,181.28,-21.91,"event-3-877"
"879",4,179.77,-22.03,"event-4-878"
"880",5,181.63,-18.1,"event-5-879"
"881",1,184.84,-18.4,"event-1-880"
"882",2,181.4,-21.2,"event-2-881"
"883",3,166.2,-12,"event-3-882"
"884",4,166.3,-11.7,"event-4-883"
"885",5,182.69,-26.72,"event-5-884"
"886",1,178.98,-24.39,"event-1-885"
"887",2,169.5,-19.64,"event-2-886"
"888",3,170.04,-21.35,"event-3-887"
"889",4,184.52,-22.82,"event-4-888"
"890",5,177.1,-38.28,"event-5-889"
"891",1,167.11,-12.57,"event-1-890"
"892",2,180.28,-22.24,"event-2-891"
"893",3,166.53,-13.8,"event-3-892"
"894",4,183.78,-21.07,"event-4-893"
"895",5,181.25,-17.74,"event-5-894"
"896",1,180.15,-23.87,"event-1-895"
"897",2,185.8,-21.29,"event-2-896"
"898",3,180.58,-22.2,"event-3-897"
"899",4,185.11,-15.24,"event-4-898"
"900",5,181.27,-17.82,"event-5-899"
"901",1,180,-32.14,"event-1-900"
"902",2,185.86,-19.3,"event-2-901"
"903",3,180.94,-33.09,"event-3-902"
"904",4,181.62,-20.18,"event-4-903"
"905",5,181.42,-17.46,"event-5-904"
"906",1,181.33,-17.44,"event-1-905"
"907",2,179.85,-24.71,"event-2-906"
"908",3,170.52,-21.53,"event-3-907"
"909",4,169.53,-19.17,"event-4-908"
"910",5,182.39,-28.05,"event-5-909"
"911",1,179.97,-23.39,"event-1-910"
"912",2,171.51,-22.33,"event-2-911"
"913",3,185.98,-15.28,"event-3-912"
"914",4,181.51,-20.27,"event-4-913"
"915",5,165.97,-10.96,"event-5-914"
"916",1,169.75,-21.52,"event-1-915"
"917",2,184.47,-19.57,"event-2-916"
"918",3,183.45,-23.08,"event-3-917"
"919",4,182.8,-25.06,"event-4-918"
"920",5,181.44,-17.85,"event-5-919"
"921",1,167.95,-15.99,"event-1-920"
"922",2,184.41,-20.56,"event-2-921"
"923",3,181.61,-17.98,"event-3-922"
"924",4,181.77,-18.4,"event-4-923"
"925",5,182.22,-27.64,"event-5-924"
"926",1,181.02,-20.99,"event-1-925"
"927",2,167.32,-14.86,"event-2-926"
"928",3,182.72,-29.33,"event-3-927"
"929",4,182.54,-25.81,"event-4-928"
"930",5,166.01,-14.1,"event-5-929"
"931",1,185.13,-17.63,"event-1-930"
"932",2,180.21,-23.47,"event-2-931"
"933",3,180.21,-23.92,"event-3-932"
"934",4,185.18,-20.88,"event-4-933"
"935",5,184.75,-20.25,"event-5-934"
"936",1,186.16,-19.33,"event-1-935"
"937",2,181.71,-18.14,"event-2-936"
"938",3,183.99,-22.41,"event-3-937"
"939",4,181.16,-20.77,"event-4-938"
"940",5,181.73,-17.95,"event-5-939"
"941",1,181.01,-20.83,"event-1-940"
"942",2,182.1,-27.84,"event-2-941"
"943",3,182.39,-19.94,"event-3-942"
"944",4,183.99,-23.6,"event-4-943"
"945",5,184.13,-23.7,"event-5-944"
"946",1,182.4,-30.39,"event-1-945"
"947",2,182.32,-18.98,"event-2-946"
"948",3,182.92,-27.89,"event-3-947"
"949",4,184.9,-23.5,"event-4-948"
"950",5,184.49,-23.73,"event-5-949"
"951",1,181.62,-17.93,"event-1-950"
"952",2,178.52,-35.94,"event-2-951"
"953",3,184.5,-18.68,"event-3-952"
"954",4,179.95,-23.47,"event-4-953"
"955",5,180.06,-23.49,"event-5-954"
"956",1,180.26,-23.85,"event-1-955"
"957",2,183.44,-27.08,"event-2-956"
"958",3,184.95,-20.88,"event-3-957"
"959",4,181.2,-20.97,"event-4-958"
"960",5,183.58,-21.71,"event-5-959"
"961",1,184.6,-23.9,"event-1-960"
"962",2,167.44,-15.78,"event-2-961"
"963",3,166.72,-12.57,"event-3-962"
"964",4,184.23,-19.69,"event-4-963"
"965",5,183.95,-22.04,"event-5-964"
"966",1,181.59,-17.99,"event-1-965"
"967",2,180.13,-23.5,"event-2-966"
"968",3,180.74,-21.4,"event-3-967"
"969",4,166.98,-15.86,"event-4-968"
"970",5,184.64,-23.95,"event-5-969"
"971",1,182.38,-25.79,"event-1-970"
"972",2,184.5,-23.75,"event-2-971"
"973",3,184.5,-24.1,"event-3-972"
"974",4,169.05,-18.56,"event-4-973"
"975",5,184.68,-23.3,"event-5-974"
"976",1,185.74,-17.03,"event-1-975"
"977",2,183.71,-20.77,"event-2-976"
"978",3,183.5,-28.1,"event-3-977"
"979",4,182.26,-18.83,"event-4-978"
"980",5,170.7,-23,"event-5-979"
"981",1,181.67,-20.82,"event-1-980"
"982",2,170.56,-22.95,"event-2-981"
"983",3,183.6,-28.22,"event-3-982"
"984",4,183.5,-27.99,"event-4-983"
"985",5,187.15,-15.54,"event-5-984"
"986",1,166.93,-12.37,"event-1-985"
"987",2,171.66,-22.33,"event-2-986"
"988",3,170.3,-22.7,"event-3-987"
"989",4,181.3,-17.86,"event-4-988"
"990",5,184.53,-16,"event-5-989"
"991",1,181.42,-20.73,"event-1-990"
"992",2,181.42,-15.45,"event-2-991"
"993",3,183.86,-20.05,"event-3-992"
"994",4,181.37,-17.95,"event-4-993"
"995",5,188.1,-17.7,"event-5-994"
"996",1,179.54,-25.93,"event-1-995"
"997",2,167.06,-12.28,"event-2-996"
"998",3,184.2,-20.13,"event-3-997"
"999",4,187.8,-17.4,"event-4-998"
"1000",5,170.56,-21.59,"event-5-999"
